{
  "run_number": 1,
  "score": 0.9433333333333334,
  "grade": "A",
  "passed": true,
  "cost_usd": 0.24744315,
  "duration_seconds": 169.47920100000002,
  "generated_at": "2026-01-20T06:22:17.388248+00:00"
}
