{
  "run_number": 1,
  "score": 0.9700000000000001,
  "grade": "A",
  "passed": true,
  "cost_usd": 0.1273926,
  "duration_seconds": 207.346919,
  "generated_at": "2026-01-20T06:16:44.630731+00:00"
}
