agent_model,tier,mean_cost,mean_score,is_pareto
claude-haiku-4-5,T0,0.10948190231481482,0.7758659611992945,True
claude-haiku-4-5,T1,0.1132246338888889,0.8162396296296297,True
claude-haiku-4-5,T2,0.1102785825925926,0.8020991358024692,True
claude-haiku-4-5,T3,0.113938745799458,0.8137006323396567,False
claude-haiku-4-5,T4,0.11862626468253969,0.8204058201058201,True
claude-haiku-4-5,T5,0.11944171296296296,0.8178054320987654,False
claude-haiku-4-5,T6,0.16180843333333333,0.8283333333333334,True
