agent_model,tier,mean_cost,mean_score,is_pareto
claude-haiku-4-5,T0,0.10948190231481482,0.7758659611992945,True
claude-haiku-4-5,T1,0.1132246338888889,0.8162396296296297,True
claude-haiku-4-5,T2,0.1102785825925926,0.8020991358024692,True
claude-haiku-4-5,T3,0.11278743699186991,0.6100598915989159,False
claude-haiku-4-5,T4,0.11670693888888889,0.5113425925925925,False
claude-haiku-4-5,T5,0.11785477296296297,0.5077333333333333,False
claude-haiku-4-5,T6,0.14987914444444445,0.5183333333333333,False
