agent_model,tier,mean_cost,mean_score,is_pareto
haiku,T0,0.43370682692307694,0.5612478632478632,False
haiku,T1,0.38318131144578316,0.6492530120481927,False
haiku,T2,0.3679591380769231,0.7211384615384616,True
haiku,T3,1.55175421147541,0.6857213114754098,False
haiku,T4,1.3575706231707318,0.7395203252032521,False
haiku,T5,0.367293265,0.48666666666666664,True
haiku,T6,0.55216963,0.8118,True
