experiment,pass_rate
test-001,0.9916666666666667
test-002,0.95
test-003,0.9555555555555556
