experiment,mean_pass_rate,tier_std
test-001,0.47256097560975613,0.4962226080589727
test-002,0.9558417676013494,0.031150282977770786
test-003,0.9619932525855871,0.02215190650585851
