experiment,mean_pass_rate,tier_std
test-001,0.9940476190476192,0.015748519708717757
test-002,0.9558417676013494,0.031150282977770786
test-003,0.9619932525855871,0.02215190650585851
