tier,n_experiments,running_mean
T0,1,0.9583333333333334
T0,2,0.9305555555555556
T0,3,0.9351851851851851
T1,1,1.0
T1,2,0.9666666666666667
T1,3,0.9666666666666667
T2,1,1.0
T2,2,0.9777777777777779
T2,3,0.9777777777777779
T3,1,0.34959349593495936
T3,2,0.6585365853658537
T3,3,0.7588075880758808
T4,1,0.0
T4,2,0.4880952380952381
T4,3,0.6428571428571428
T5,1,0.0
T5,2,0.4777777777777778
T5,3,0.6296296296296297
T6,1,0.0
T6,2,0.5
T6,3,0.6666666666666666
