{
  "pipeline_version": "1.0.0",
  "config_version": "1.0.0",
  "total_experiments": 3,
  "total_runs": 1080,
  "total_judge_evaluations": 2696,
  "total_criteria_scores": 9570,
  "total_subtests": 360,
  "models": [
    "claude-haiku-4-5"
  ],
  "tiers": [
    "T0",
    "T1",
    "T2",
    "T3",
    "T4",
    "T5",
    "T6"
  ],
  "overall_stats": {
    "pass_rate": 0.8083333333333333,
    "mean_score": 0.6593354298941798,
    "mean_impl_rate": 0.8794106473788407,
    "median_impl_rate": 0.875,
    "total_cost": 122.30886180000002,
    "mean_cost_per_run": 0.11324894611111112,
    "mean_r_prog": 0.0,
    "mean_cfp": 0.0,
    "mean_pr_revert_rate": 0.0,
    "mean_strategic_drift": 0.0
  },
  "by_model": {
    "claude-haiku-4-5": {
      "total_runs": 1080,
      "pass_rate": 0.8083333333333333,
      "mean_score": 0.6593354298941798,
      "median_score": 0.7304999999999999,
      "std_score": 0.32246463674505454,
      "min_score": 0.0,
      "max_score": 1.0,
      "q1_score": 0.6041666666666666,
      "q3_score": 0.9166666666666666,
      "mean_impl_rate": 0.8794106473788407,
      "median_impl_rate": 0.875,
      "std_impl_rate": 0.14261040200262745,
      "min_impl_rate": 0.0,
      "max_impl_rate": 1.0294642857142857,
      "total_cost": 122.30886180000002,
      "mean_cost_per_run": 0.11324894611111112,
      "median_cost": 0.072242375,
      "cop": 0.14010178900343645,
      "frontier_cop": 0.11278491401515148,
      "total_tokens": 712989779,
      "mean_duration": 287.12202604166663,
      "n_subtests": 42,
      "tiers": [
        "T0",
        "T1",
        "T2",
        "T3",
        "T4",
        "T5",
        "T6"
      ],
      "mean_r_prog": 0.0,
      "mean_cfp": 0.0,
      "mean_pr_revert_rate": 0.0,
      "mean_strategic_drift": 0.0
    }
  },
  "by_tier": {
    "T0": {
      "total_runs": 216,
      "pass_rate": 0.9351851851851852,
      "mean_score": 0.7758659611992945,
      "median_score": 0.8735666666666666,
      "std_score": 0.2061683406032941,
      "mean_impl_rate": 0.8686050161252894,
      "median_impl_rate": 0.925,
      "std_impl_rate": 0.19480353974591347,
      "mean_cost": 0.10948190231481482,
      "total_cost": 23.6480909,
      "cop": 0.11706975693069306,
      "n_subtests": 24,
      "mean_r_prog": 0.0,
      "mean_cfp": 0.0,
      "mean_pr_revert_rate": 0.0,
      "mean_strategic_drift": 0.0
    },
    "T1": {
      "total_runs": 90,
      "pass_rate": 0.9666666666666667,
      "mean_score": 0.8162396296296298,
      "median_score": 0.8872666666666666,
      "std_score": 0.13964693771559916,
      "mean_impl_rate": 0.9059389454619687,
      "median_impl_rate": 0.9391705069124423,
      "std_impl_rate": 0.0952634991473811,
      "mean_cost": 0.1132246338888889,
      "total_cost": 10.190217050000001,
      "cop": 0.11712893160919541,
      "n_subtests": 10,
      "mean_r_prog": 0.0,
      "mean_cfp": 0.0,
      "mean_pr_revert_rate": 0.0,
      "mean_strategic_drift": 0.0
    },
    "T2": {
      "total_runs": 135,
      "pass_rate": 0.9777777777777777,
      "mean_score": 0.8020991358024693,
      "median_score": 0.872,
      "std_score": 0.1451223517122524,
      "mean_impl_rate": 0.8951676417431015,
      "median_impl_rate": 0.925,
      "std_impl_rate": 0.1245931811926449,
      "mean_cost": 0.11027858259259256,
      "total_cost": 14.887608649999995,
      "cop": 0.11278491401515148,
      "n_subtests": 15,
      "mean_r_prog": 0.0,
      "mean_cfp": 0.0,
      "mean_pr_revert_rate": 0.0,
      "mean_strategic_drift": 0.0
    },
    "T3": {
      "total_runs": 369,
      "pass_rate": 0.7588075880758808,
      "mean_score": 0.6100598915989159,
      "median_score": 0.7043333333333334,
      "std_score": 0.3469488619744278,
      "mean_impl_rate": 0.8822176612942892,
      "median_impl_rate": 0.875,
      "std_impl_rate": 0.11828016798723714,
      "mean_cost": 0.11278743699186994,
      "total_cost": 41.618564250000006,
      "cop": 0.14863772946428574,
      "n_subtests": 41,
      "mean_r_prog": 0.0,
      "mean_cfp": 0.0,
      "mean_pr_revert_rate": 0.0,
      "mean_strategic_drift": 0.0
    },
    "T4": {
      "total_runs": 126,
      "pass_rate": 0.6428571428571429,
      "mean_score": 0.5113425925925925,
      "median_score": 0.6428333333333334,
      "std_score": 0.38511287713578524,
      "mean_impl_rate": 0.8769929397226154,
      "median_impl_rate": 0.8485714285714285,
      "std_impl_rate": 0.10204759937202837,
      "mean_cost": 0.11670693888888888,
      "total_cost": 14.705074299999998,
      "cop": 0.18154412716049378,
      "n_subtests": 14,
      "mean_r_prog": 0.0,
      "mean_cfp": 0.0,
      "mean_pr_revert_rate": 0.0,
      "mean_strategic_drift": 0.0
    },
    "T5": {
      "total_runs": 135,
      "pass_rate": 0.6296296296296297,
      "mean_score": 0.5077333333333333,
      "median_score": 0.6666666666666666,
      "std_score": 0.38172720532717974,
      "mean_impl_rate": 0.8486139104061304,
      "median_impl_rate": 0.8499999999999999,
      "std_impl_rate": 0.16095192897334362,
      "mean_cost": 0.11785477296296297,
      "total_cost": 15.91039435,
      "cop": 0.18718111,
      "n_subtests": 15,
      "mean_r_prog": 0.0,
      "mean_cfp": 0.0,
      "mean_pr_revert_rate": 0.0,
      "mean_strategic_drift": 0.0
    },
    "T6": {
      "total_runs": 9,
      "pass_rate": 0.6666666666666666,
      "mean_score": 0.5183333333333333,
      "median_score": 0.68,
      "std_score": 0.403392729786302,
      "mean_impl_rate": 0.8761480349715643,
      "median_impl_rate": 0.8617424242424243,
      "std_impl_rate": 0.06474579456161633,
      "mean_cost": 0.14987914444444445,
      "total_cost": 1.3489123,
      "cop": 0.22481871666666667,
      "n_subtests": 1,
      "mean_r_prog": 0.0,
      "mean_cfp": 0.0,
      "mean_pr_revert_rate": 0.0,
      "mean_strategic_drift": 0.0
    }
  }
}
