{
  "pipeline_version": "1.0.0",
  "config_version": "1.0.0",
  "total_experiments": 5,
  "total_runs": 620,
  "total_judge_evaluations": 602,
  "total_criteria_scores": 1334,
  "total_subtests": 74,
  "models": [
    "haiku"
  ],
  "tiers": [
    "T0",
    "T1",
    "T2",
    "T3",
    "T4",
    "T5",
    "T6"
  ],
  "overall_stats": {
    "pass_rate": 0.7516129032258064,
    "mean_score": 0.6688677419354838,
    "mean_impl_rate": 0.699536970786244,
    "median_impl_rate": 0.8333333333333334,
    "total_cost": 505.9789784,
    "mean_cost_per_run": 0.816095126451613
  },
  "by_model": {
    "haiku": {
      "total_runs": 620,
      "pass_rate": 0.7516129032258064,
      "mean_score": 0.6688677419354838,
      "median_score": 0.82,
      "std_score": 0.3114823414553571,
      "min_score": 0.0,
      "max_score": 1.0,
      "q1_score": 0.61,
      "q3_score": 0.83675,
      "mean_impl_rate": 0.6995369707862439,
      "median_impl_rate": 0.8333333333333334,
      "std_impl_rate": 0.3017689606001941,
      "min_impl_rate": 0.0,
      "max_impl_rate": 1.5,
      "total_cost": 505.9789784,
      "mean_cost_per_run": 0.816095126451613,
      "median_cost": 0.4104941,
      "cop": 1.085791799141631,
      "frontier_cop": 0.4429137773148148,
      "total_tokens": 1177928283,
      "mean_duration": 446.17652753387097,
      "n_subtests": 20,
      "tiers": [
        "T0",
        "T1",
        "T2",
        "T3",
        "T4",
        "T5",
        "T6"
      ]
    }
  },
  "by_tier": {
    "T0": {
      "total_runs": 117,
      "pass_rate": 0.6410256410256411,
      "mean_score": 0.5612478632478631,
      "median_score": 0.72,
      "std_score": 0.3834351967453608,
      "mean_impl_rate": 0.587380977733008,
      "median_impl_rate": 0.75,
      "std_impl_rate": 0.38055766501789223,
      "mean_cost": 0.433706826923077,
      "total_cost": 50.74369875000001,
      "cop": 0.6765826500000001,
      "n_subtests": 17
    },
    "T1": {
      "total_runs": 83,
      "pass_rate": 0.7349397590361446,
      "mean_score": 0.6492530120481927,
      "median_score": 0.82,
      "std_score": 0.32971931312577674,
      "mean_impl_rate": 0.6894784739749371,
      "median_impl_rate": 0.8333333333333334,
      "std_impl_rate": 0.3151887425930139,
      "mean_cost": 0.38318131144578316,
      "total_cost": 31.80404885,
      "cop": 0.52137785,
      "n_subtests": 7
    },
    "T2": {
      "total_runs": 130,
      "pass_rate": 0.8307692307692308,
      "mean_score": 0.7211384615384615,
      "median_score": 0.82,
      "std_score": 0.2234372691336986,
      "mean_impl_rate": 0.7393664499479015,
      "median_impl_rate": 0.8189393939393941,
      "std_impl_rate": 0.23517077224361996,
      "mean_cost": 0.3679591380769231,
      "total_cost": 47.83468795,
      "cop": 0.4429137773148148,
      "n_subtests": 14
    },
    "T3": {
      "total_runs": 122,
      "pass_rate": 0.7622950819672131,
      "mean_score": 0.6857213114754097,
      "median_score": 0.83,
      "std_score": 0.306074972242058,
      "mean_impl_rate": 0.6994975794105851,
      "median_impl_rate": 0.8333333333333334,
      "std_impl_rate": 0.30701680615279103,
      "mean_cost": 1.5517542114754095,
      "total_cost": 189.31401379999997,
      "cop": 2.035634556989247,
      "n_subtests": 19
    },
    "T4": {
      "total_runs": 123,
      "pass_rate": 0.8130081300813008,
      "mean_score": 0.739520325203252,
      "median_score": 0.83,
      "std_score": 0.26273571304900445,
      "mean_impl_rate": 0.7766356000481002,
      "median_impl_rate": 0.8333333333333334,
      "std_impl_rate": 0.23854215102935827,
      "mean_cost": 1.3575706231707318,
      "total_cost": 166.98118665,
      "cop": 1.6698118665000001,
      "n_subtests": 14
    },
    "T5": {
      "total_runs": 30,
      "pass_rate": 0.5,
      "mean_score": 0.48666666666666664,
      "median_score": 0.595,
      "std_score": 0.3708269726950305,
      "mean_impl_rate": 0.6017038054538055,
      "median_impl_rate": 0.6666666666666666,
      "std_impl_rate": 0.32737324413272106,
      "mean_cost": 0.367293265,
      "total_cost": 11.01879795,
      "cop": 0.73458653,
      "n_subtests": 2
    },
    "T6": {
      "total_runs": 15,
      "pass_rate": 0.9333333333333333,
      "mean_score": 0.8118,
      "median_score": 0.83,
      "std_score": 0.12201592401930869,
      "mean_impl_rate": 0.7922931697931698,
      "median_impl_rate": 0.83125,
      "std_impl_rate": 0.1627998283793687,
      "mean_cost": 0.55216963,
      "total_cost": 8.28254445,
      "cop": 0.5916103178571428,
      "n_subtests": 1
    }
  }
}
