{
  "pipeline_version": "1.0.0",
  "config_version": "1.0.0",
  "total_experiments": 3,
  "total_runs": 1080,
  "total_judge_evaluations": 3210,
  "total_criteria_scores": 12140,
  "total_subtests": 360,
  "models": [
    "claude-haiku-4-5"
  ],
  "tiers": [
    "T0",
    "T1",
    "T2",
    "T3",
    "T4",
    "T5",
    "T6"
  ],
  "overall_stats": {
    "pass_rate": 0.9657407407407408,
    "mean_score": 0.8063124052028219,
    "mean_impl_rate": 0.8974646455733861,
    "median_impl_rate": 0.9428571428571428,
    "total_cost": 123.2971303,
    "mean_cost_per_run": 0.11416400953703704,
    "mean_r_prog": 0.0,
    "mean_cfp": 0.0,
    "mean_pr_revert_rate": 0.0,
    "mean_strategic_drift": 0.0
  },
  "by_model": {
    "claude-haiku-4-5": {
      "total_runs": 1080,
      "pass_rate": 0.9657407407407408,
      "mean_score": 0.8063124052028219,
      "median_score": 0.8888571428571428,
      "std_score": 0.16037275120124728,
      "min_score": 0.0,
      "max_score": 1.0,
      "q1_score": 0.6876666666666666,
      "q3_score": 0.9328666666666666,
      "mean_impl_rate": 0.8974646455733861,
      "median_impl_rate": 0.9428571428571428,
      "std_impl_rate": 0.13720811994337623,
      "min_impl_rate": 0.0,
      "max_impl_rate": 1.028047619047619,
      "total_cost": 123.2971303,
      "mean_cost_per_run": 0.11416400953703704,
      "median_cost": 0.0726482,
      "cop": 0.11821393125599232,
      "frontier_cop": 0.11278491401515148,
      "total_tokens": 717007528,
      "mean_duration": 302.63234456296294,
      "n_subtests": 42,
      "tiers": [
        "T0",
        "T1",
        "T2",
        "T3",
        "T4",
        "T5",
        "T6"
      ],
      "mean_r_prog": 0.0,
      "mean_cfp": 0.0,
      "mean_pr_revert_rate": 0.0,
      "mean_strategic_drift": 0.0
    }
  },
  "by_tier": {
    "T0": {
      "total_runs": 216,
      "pass_rate": 0.9351851851851852,
      "mean_score": 0.7758659611992945,
      "median_score": 0.8735666666666666,
      "std_score": 0.2061683406032941,
      "mean_impl_rate": 0.8686050161252894,
      "median_impl_rate": 0.925,
      "std_impl_rate": 0.19480353974591347,
      "mean_cost": 0.10948190231481482,
      "total_cost": 23.6480909,
      "cop": 0.11706975693069306,
      "n_subtests": 24,
      "mean_r_prog": 0.0,
      "mean_cfp": 0.0,
      "mean_pr_revert_rate": 0.0,
      "mean_strategic_drift": 0.0
    },
    "T1": {
      "total_runs": 90,
      "pass_rate": 0.9666666666666667,
      "mean_score": 0.8162396296296298,
      "median_score": 0.8872666666666666,
      "std_score": 0.13964693771559916,
      "mean_impl_rate": 0.9059389454619687,
      "median_impl_rate": 0.9391705069124423,
      "std_impl_rate": 0.0952634991473811,
      "mean_cost": 0.1132246338888889,
      "total_cost": 10.190217050000001,
      "cop": 0.11712893160919541,
      "n_subtests": 10,
      "mean_r_prog": 0.0,
      "mean_cfp": 0.0,
      "mean_pr_revert_rate": 0.0,
      "mean_strategic_drift": 0.0
    },
    "T2": {
      "total_runs": 135,
      "pass_rate": 0.9777777777777777,
      "mean_score": 0.8020991358024693,
      "median_score": 0.872,
      "std_score": 0.1451223517122524,
      "mean_impl_rate": 0.8951676417431015,
      "median_impl_rate": 0.925,
      "std_impl_rate": 0.1245931811926449,
      "mean_cost": 0.11027858259259256,
      "total_cost": 14.887608649999995,
      "cop": 0.11278491401515148,
      "n_subtests": 15,
      "mean_r_prog": 0.0,
      "mean_cfp": 0.0,
      "mean_pr_revert_rate": 0.0,
      "mean_strategic_drift": 0.0
    },
    "T3": {
      "total_runs": 369,
      "pass_rate": 0.975609756097561,
      "mean_score": 0.8137006323396567,
      "median_score": 0.9053333333333334,
      "std_score": 0.14619083758210208,
      "mean_impl_rate": 0.9079996018466816,
      "median_impl_rate": 0.9785714285714285,
      "std_impl_rate": 0.11478640997866608,
      "mean_cost": 0.113938745799458,
      "total_cost": 42.0433972,
      "cop": 0.11678721444444444,
      "n_subtests": 41,
      "mean_r_prog": 0.0,
      "mean_cfp": 0.0,
      "mean_pr_revert_rate": 0.0,
      "mean_strategic_drift": 0.0
    },
    "T4": {
      "total_runs": 126,
      "pass_rate": 0.9761904761904762,
      "mean_score": 0.82040582010582,
      "median_score": 0.9166666666666666,
      "std_score": 0.14941207073530216,
      "mean_impl_rate": 0.9147645024520071,
      "median_impl_rate": 0.9857142857142858,
      "std_impl_rate": 0.09865646781047131,
      "mean_cost": 0.11862626468253969,
      "total_cost": 14.94690935,
      "cop": 0.12151958821138212,
      "n_subtests": 14,
      "mean_r_prog": 0.0,
      "mean_cfp": 0.0,
      "mean_pr_revert_rate": 0.0,
      "mean_strategic_drift": 0.0
    },
    "T5": {
      "total_runs": 135,
      "pass_rate": 0.9629629629629629,
      "mean_score": 0.8178054320987654,
      "median_score": 0.9166666666666666,
      "std_score": 0.1491592486110924,
      "mean_impl_rate": 0.8944281458854879,
      "median_impl_rate": 0.9566666666666667,
      "std_impl_rate": 0.14654240104452557,
      "mean_cost": 0.11944171296296296,
      "total_cost": 16.12463125,
      "cop": 0.12403562500000001,
      "n_subtests": 15,
      "mean_r_prog": 0.0,
      "mean_cfp": 0.0,
      "mean_pr_revert_rate": 0.0,
      "mean_strategic_drift": 0.0
    },
    "T6": {
      "total_runs": 9,
      "pass_rate": 1.0,
      "mean_score": 0.8283333333333334,
      "median_score": 0.9166666666666666,
      "std_score": 0.1320112579374283,
      "mean_impl_rate": 0.913146309028662,
      "median_impl_rate": 0.875,
      "std_impl_rate": 0.07550830712801418,
      "mean_cost": 0.16180843333333333,
      "total_cost": 1.4562759,
      "cop": 0.16180843333333333,
      "n_subtests": 1,
      "mean_r_prog": 0.0,
      "mean_cfp": 0.0,
      "mean_pr_revert_rate": 0.0,
      "mean_strategic_drift": 0.0
    }
  }
}
