{
  "run_number": 1,
  "score": 0.9833333333333334,
  "grade": "A",
  "passed": true,
  "cost_usd": 0.1379989,
  "duration_seconds": 198.522226,
  "generated_at": "2026-01-20T06:16:36.846362+00:00"
}
