{
  "run_number": 1,
  "score": 0.9833333333333334,
  "grade": "A",
  "passed": true,
  "cost_usd": 0.06531415,
  "duration_seconds": 153.130363,
  "generated_at": "2026-01-20T06:19:22.151220+00:00"
}
