agent_model,tier,score
Sonnet 4.5,T0,0.9733333333333332
Sonnet 4.5,T1,0.97
Sonnet 4.5,T2,0.9833333333333334
Sonnet 4.5,T3,0.9833333333333334
Sonnet 4.5,T4,0.9595333333333332
Sonnet 4.5,T5,0.9833333333333334
Sonnet 4.5,T6,0.9433333333333334
