agent_model,tier,subtest,run_number,score,subtest_label,tier_sort,subtest_num
Sonnet 4.5,T0,00,1,0.9733333333333333,T0/00,0,0
Sonnet 4.5,T1,01,1,0.9700000000000001,T1/01,1,1
Sonnet 4.5,T2,01,1,0.9833333333333334,T2/01,2,1
Sonnet 4.5,T3,01,1,0.9833333333333334,T3/01,3,1
Sonnet 4.5,T4,01,1,0.9595333333333333,T4/01,4,1
Sonnet 4.5,T5,01,1,0.9833333333333334,T5/01,5,1
Sonnet 4.5,T6,01,1,0.9433333333333334,T6/01,6,1
