agent_model,tier,subtest,mean_cost,mean_score
Sonnet 4.5,T0,0,0.1351093,0.9733333333333332
Sonnet 4.5,T1,1,0.1273926,0.97
Sonnet 4.5,T2,1,0.1379989,0.9833333333333334
Sonnet 4.5,T3,1,0.1294133,0.9833333333333334
Sonnet 4.5,T4,1,0.1684904,0.9595333333333332
Sonnet 4.5,T5,1,0.06531415,0.9833333333333334
Sonnet 4.5,T6,1,0.24744315,0.9433333333333334
