agent_model,tier,impl_rate
Sonnet 4.5,T0,0.9923076923076924
Sonnet 4.5,T1,0.99
Sonnet 4.5,T2,1.0
Sonnet 4.5,T3,0.9933333333333334
Sonnet 4.5,T4,0.9566666666666668
Sonnet 4.5,T5,1.0
Sonnet 4.5,T6,0.9666666666666668
