{
  "run_number": 1,
  "score": 0.9833333333333334,
  "grade": "A",
  "passed": true,
  "cost_usd": 0.1294133,
  "duration_seconds": 179.002418,
  "generated_at": "2026-01-20T06:16:16.235015+00:00"
}
