{
  "run_number": 1,
  "score": 0.9595333333333333,
  "grade": "A",
  "passed": true,
  "cost_usd": 0.1684904,
  "duration_seconds": 178.209039,
  "generated_at": "2026-01-20T06:16:16.772373+00:00"
}
