{
  "pipeline_version": "1.0.0",
  "config_version": "1.0.0",
  "total_experiments": 1,
  "total_runs": 7,
  "total_judge_evaluations": 21,
  "total_criteria_scores": 105,
  "total_subtests": 7,
  "models": [
    "Sonnet 4.5"
  ],
  "tiers": [
    "T0",
    "T1",
    "T2",
    "T3",
    "T4",
    "T5",
    "T6"
  ],
  "overall_stats": {
    "pass_rate": 1.0,
    "mean_score": 0.9708857142857142,
    "mean_impl_rate": 0.9855677655677656,
    "median_impl_rate": 0.9923076923076923,
    "total_cost": 1.0111618,
    "mean_cost_per_run": 0.1444516857142857
  },
  "by_model": {
    "Sonnet 4.5": {
      "total_runs": 7,
      "pass_rate": 1.0,
      "mean_score": 0.9708857142857142,
      "median_score": 0.9733333333333333,
      "std_score": 0.015053323210591742,
      "min_score": 0.9433333333333334,
      "max_score": 0.9833333333333334,
      "q1_score": 0.9647666666666668,
      "q3_score": 0.9833333333333334,
      "mean_impl_rate": 0.9855677655677656,
      "median_impl_rate": 0.9923076923076923,
      "std_impl_rate": 0.01700234883782071,
      "min_impl_rate": 0.9566666666666667,
      "max_impl_rate": 1.0,
      "total_cost": 1.0111618,
      "mean_cost_per_run": 0.1444516857142857,
      "median_cost": 0.1351093,
      "cop": 0.1444516857142857,
      "frontier_cop": 0.06531415,
      "total_tokens": 1000213,
      "mean_duration": 184.11754142857146,
      "n_subtests": 2,
      "tiers": [
        "T0",
        "T1",
        "T2",
        "T3",
        "T4",
        "T5",
        "T6"
      ]
    }
  },
  "by_tier": {
    "T0": {
      "total_runs": 1,
      "pass_rate": 1.0,
      "mean_score": 0.9733333333333333,
      "median_score": 0.9733333333333333,
      "std_score": NaN,
      "mean_impl_rate": 0.9923076923076923,
      "median_impl_rate": 0.9923076923076923,
      "std_impl_rate": NaN,
      "mean_cost": 0.1351093,
      "total_cost": 0.1351093,
      "cop": 0.1351093,
      "n_subtests": 1
    },
    "T1": {
      "total_runs": 1,
      "pass_rate": 1.0,
      "mean_score": 0.9700000000000001,
      "median_score": 0.9700000000000001,
      "std_score": NaN,
      "mean_impl_rate": 0.99,
      "median_impl_rate": 0.99,
      "std_impl_rate": NaN,
      "mean_cost": 0.1273926,
      "total_cost": 0.1273926,
      "cop": 0.1273926,
      "n_subtests": 1
    },
    "T2": {
      "total_runs": 1,
      "pass_rate": 1.0,
      "mean_score": 0.9833333333333334,
      "median_score": 0.9833333333333334,
      "std_score": NaN,
      "mean_impl_rate": 1.0,
      "median_impl_rate": 1.0,
      "std_impl_rate": NaN,
      "mean_cost": 0.1379989,
      "total_cost": 0.1379989,
      "cop": 0.1379989,
      "n_subtests": 1
    },
    "T3": {
      "total_runs": 1,
      "pass_rate": 1.0,
      "mean_score": 0.9833333333333334,
      "median_score": 0.9833333333333334,
      "std_score": NaN,
      "mean_impl_rate": 0.9933333333333334,
      "median_impl_rate": 0.9933333333333334,
      "std_impl_rate": NaN,
      "mean_cost": 0.1294133,
      "total_cost": 0.1294133,
      "cop": 0.1294133,
      "n_subtests": 1
    },
    "T4": {
      "total_runs": 1,
      "pass_rate": 1.0,
      "mean_score": 0.9595333333333333,
      "median_score": 0.9595333333333333,
      "std_score": NaN,
      "mean_impl_rate": 0.9566666666666667,
      "median_impl_rate": 0.9566666666666667,
      "std_impl_rate": NaN,
      "mean_cost": 0.1684904,
      "total_cost": 0.1684904,
      "cop": 0.1684904,
      "n_subtests": 1
    },
    "T5": {
      "total_runs": 1,
      "pass_rate": 1.0,
      "mean_score": 0.9833333333333334,
      "median_score": 0.9833333333333334,
      "std_score": NaN,
      "mean_impl_rate": 1.0,
      "median_impl_rate": 1.0,
      "std_impl_rate": NaN,
      "mean_cost": 0.06531415,
      "total_cost": 0.06531415,
      "cop": 0.06531415,
      "n_subtests": 1
    },
    "T6": {
      "total_runs": 1,
      "pass_rate": 1.0,
      "mean_score": 0.9433333333333334,
      "median_score": 0.9433333333333334,
      "std_score": NaN,
      "mean_impl_rate": 0.9666666666666667,
      "median_impl_rate": 0.9666666666666667,
      "std_impl_rate": NaN,
      "mean_cost": 0.24744315,
      "total_cost": 0.24744315,
      "cop": 0.24744315,
      "n_subtests": 1
    }
  }
}
