agent_model,tier,mean_cost,mean_score,is_pareto
Sonnet 4.5,T0,0.1351093,0.9733333333333333,False
Sonnet 4.5,T1,0.1273926,0.9700000000000001,False
Sonnet 4.5,T2,0.1379989,0.9833333333333334,False
Sonnet 4.5,T3,0.1294133,0.9833333333333334,False
Sonnet 4.5,T4,0.1684904,0.9595333333333333,False
Sonnet 4.5,T5,0.06531415,0.9833333333333334,True
Sonnet 4.5,T6,0.24744315,0.9433333333333334,False
