agent_model,tier,impl_rate,ci_low,ci_high,n
Sonnet 4.5,T0,0.9923076923076923,0.9923076923076923,0.9923076923076923,1
Sonnet 4.5,T1,0.99,0.99,0.99,1
Sonnet 4.5,T2,1.0,1.0,1.0,1
Sonnet 4.5,T3,0.9933333333333334,0.9933333333333334,0.9933333333333334,1
Sonnet 4.5,T4,0.9566666666666667,0.9566666666666667,0.9566666666666667,1
Sonnet 4.5,T5,1.0,1.0,1.0,1
Sonnet 4.5,T6,0.9666666666666667,0.9666666666666667,0.9666666666666667,1
