agent_model,tier,subtest,mean_cost,mean_score
Sonnet 4.5,T0,00,0.1351093,0.9733333333333333
Sonnet 4.5,T1,01,0.1273926,0.9700000000000001
Sonnet 4.5,T2,01,0.1379989,0.9833333333333334
Sonnet 4.5,T3,01,0.1294133,0.9833333333333334
Sonnet 4.5,T4,01,0.1684904,0.9595333333333333
Sonnet 4.5,T5,01,0.06531415,0.9833333333333334
Sonnet 4.5,T6,01,0.24744315,0.9433333333333334
