{
  "run_number": 1,
  "score": 0.9733333333333333,
  "grade": "A",
  "passed": true,
  "cost_usd": 0.1351093,
  "duration_seconds": 203.132624,
  "generated_at": "2026-01-20T06:16:41.208253+00:00"
}
